P1,OFF,1
P2,D,2
P3,D,2
P4,OFF,1
P5,OFF,1
P6,OFF,1
P7,D,1
P8,N,4
P9,E,1
P10,OFF,1
P11,N,2
P12,D,5
P13,D,4
P14,OFF,1
P15,E,1
P16,E,3
P17,D,3
P18,D,3
P19,D,3
P20,D,4
P21,D,3
P22,N,4
P23,D,2
P24,D,2
P25,OFF,1
P26,D,2
P27,D,1
P28,OFF,1
P29,E,4
P30,N,1
P31,OFF,1
P32,D,4
P33,D,2
P34,OFF,1
P35,E,3
P36,E,4
P37,OFF,1
P38,E,2
P39,D,2
P40,OFF,1
P41,OFF,1
P42,D,4
P43,D,2
P44,OFF,1
P45,OFF,1
P46,E,1
P47,E,3
P48,OFF,1
P49,N,2
P50,OFF,1
P51,N,1
P52,E,3
P53,E,3
P54,E,4
P55,E,2
P56,D,1
P57,D,1
P58,E,2
P59,OFF,1
P60,D,1
P61,N,2
P62,D,2
P63,OFF,1
P64,OFF,1
P65,N,2
P66,OFF,1
P67,N,3
P68,N,3
P69,OFF,1
P70,N,1
P71,OFF,1
P72,OFF,1
P73,N,3
P74,N,2
P75,N,4
P76,D,2
P77,OFF,1
P78,OFF,1
P79,E,4
P80,D,3
P81,N,4
P82,OFF,1
P83,OFF,1
P84,OFF,1
P85,OFF,1
P86,N,2
P87,OFF,1
