P1,,,,,,,,,,,,,,,,,,,,,,,,,,,,,,
P2,,,,,,,,,,,,,,,,,,,,,,,,,,,,,,
P3,,,,,,,,,,,,,,,,,,,,,,,,,,,,,,
P4,,,,,,,,,,,,,,,,,,,,,,,,,,,,,,
P5,,,,,,,,,,,,,,,,,,,,,,OFF,,,,,OFF,,,
P6,,,,,OFF,,,,,OFF,,,OFF,,,,OFF,,,,,OFF,,,,,,,,
P7,,,,,,,,,,,,,,,,,,,,,,,,,,,,,,
P8,,,,,,,,,,,,,,,,,,,,,,,,,,,,,,
P9,,,,,,,,,,,,,,,,,,,,,,,,,,,,,,
P10,,,,,,,,,,,,,,,,,,,,,,,,,,,,,,
P11,,,,,,,,,,,,,,,,,,,,,,,,,,,,,,
P12,,,,,,OFF,,,,,,,,,,,OFF,OFF,,,OFF,,OFF,OFF,,,,,,
P13,,,,,,,,,,,,,,,,,,,,,,,,,,,,,,
P14,,,OFF,,,,,,,OFF,OFF,,,,,,,OFF,,,,,,,,,,,,
P15,,,,,,,,,OFF,,,,,,,,,,,,,,,,,,,,,
P16,,,,,,,,,,,,,,,OFF,,,,,,,,,,,,,,,
P17,,,,,,,,,,,,,,,,,,,,,OFF,,,,,,,,,
P18,,,,,,,,,,,,,,,,,,,,,,,,,,,,,,
P19,,,,OFF,,OFF,,,,OFF,,,,,OFF,,,,,,,,,OFF,,,OFF,,,
P20,,,,,,,,,,,,OFF,,,OFF,,OFF,,,,OFF,,,,,,,,,
P21,,,,,,,,,,,,,,,,,,,,,,,,,,,,,,
P22,,,,OFF,,,,,,,,,,,,,,,,,,,,,,,,,,
P23,,,,,,,,,,,,,,,,,,,,,,,,,,,,,,
P24,,,,,,,,,,,,,,,,,,,,,,,,,,,,,,
P25,,,,,,,,,,,,,,,,,,,,,,,,,,,,,,
P26,,,,,,,,OFF,,,,,,,,,,,,,,,,,,,,,,
P27,,,,,,,,,,,,,,,,,,,,,,,,,,,,,,
P28,,,,,,,,,,,,,,,,,,,,,,,,,,,,,,
P29,,,,,,,,,,,,,,,,,,,,,,,,,,,,,,
P30,,,,,,,,,,,,,,,,,,,,,,,,,,,,,,
P31,,,,,,,,,,,,,OFF,,,,,,,,,,,,OFF,,,,,
P32,,,,,,,,,,,,,,,,,,,,,,,,,,,,,,
P33,,,,,,OFF,OFF,,,,,,,,,,,,,,,,,,,,,,,
P34,,,,OFF,OFF,,,,OFF,,,OFF,,,,,,,,,,,,,,,,,,OFF
P35,,,,,,,,,,,,,,,,,,,,,,,,,,,,,,
P36,,,,,,,,,,,OFF,,,,,,,,,,,OFF,,,,,,,OFF,OFF
P37,,OFF,,,,,,OFF,OFF,,,,,,,,,,,OFF,,OFF,,,,,,,,
P38,,,,,,,,,,,,,,,,OFF,,,OFF,,,,,,OFF,OFF,,,,
P39,,,,,,,,,,,,,,,,,,,,,,,,,,,,,,
P40,,,,,,,,,,,,,,,,,,,,,,,,,,,,OFF,,
P41,,,,,,,,,,,,,,,,,,,,,,,,,,,,,,
P42,,,,,,,,,,,,,,,,,,,,,,,,,,,,,,
P43,,,,,,,,,,,,,,,,,,,,,,,,,,,,,,
P44,,,,,,,,,,,,,,,,,,,,,,,,,,,,,,
P45,,,,,,,,,,,,,,,,,,,,,,,,,,,,,,
P46,,,,,,OFF,,,OFF,OFF,OFF,,,,,,,,OFF,OFF,,,,,,,,,,
P47,,,,,,,,,,,,,,,,,,,,,,,,,,,,,,
P48,,,,,,,,,,,,,,,,,,,,,,,,,,,,,,
P49,,,,,,,,,,,,,,,,,,,,,,,,,,,,,,
P50,,,,,,,,,,,,,,,,,,,,,,,,,,,,,,OFF
P51,,,,,,,,,,,,,,,,,,,,,,,,,,,,,,
P52,,,,,,,,,,,,,,,,,,,,,,,,,,,,,,
P53,,,,,,,,,,,,,,,,,,,,,,,,,,,,,,
P54,,,,,,,,OFF,,,,,,,,,,,,,,,,,,,,,,
P55,,,,,,,,,,,,,,,,,,,,,,OFF,,,,,,,,
P56,,,,,,,,OFF,,,,,,,,,,,,,,,,OFF,OFF,OFF,,,,
P57,,,OFF,OFF,,,,,,,,,,OFF,,,,,,,,,,,,,,,,
P58,,,,,,,,,,,,,,,,,,,,,,,,,,,,,,
P59,,,,,,,,,,,,,,,,,,,,,,,,,,,,,,
P60,,,,,,,,,,,,,,,,,,,,,,,,,,,,,,
P61,,,,,,OFF,,,,OFF,,,,,,,,,,,,,,,,,,,,
P62,,,,OFF,,,,,,,,,,,OFF,,,,,,,,,,OFF,OFF,,,,
P63,,,,,,,,,,,,,,,,,,,,,,,,,,,,,,
P64,,,,,,,,,,,,,,,,,,,,,,,,,,,,,,
P65,,,,,,,,,,,,,,,,,,,,,,,,,,,,,,
P66,,,,,,,,,,,,,,,,,,,,,,,,,,,,,,
P67,,,,,,,OFF,,,,,,,,,OFF,,,,,,,,,,,,,,
P68,,,,,,,,,,,,,,,,,,,,,,,,,,,,,,
P69,,,,,,,,,,,,,,,,,,,,,,,,,,,,,,
P70,,,,OFF,,,,,,,,,,,,,,,,,,,,,,,,,,
P71,,,,,,,,,,,,,,,,,,,,,,,,,,,,,,
P72,,,OFF,,,,,,,,,,,,,,,,,,,,,,,,,,,
P73,,,,,,,,,,,,,,,,,,,,,,,,,,,,,,
P74,,,,,,,,,,,,,,,,,,,,,,,,,,,,,,
P75,,,,,,,,,,,,,,,,,,,,,,,,,,,,,,
P76,,,,,,,,,,,,,,,,,,,,,,,,,,,,,,
P77,,,,,,,,,,,,,,,,,,,,,,,,,,,,,,
P78,,,,,,,,OFF,,,,,,,,,,,,,,,,,,,OFF,,,
P79,,,,,,,,,,,,,,,,,,,,,,,,,,,,,,
P80,,,,,,,,,,,,,,,,,,,,,OFF,,,,,,,,,
P81,,,,,,,,,,,,,OFF,,,,,,,,,,,,,,,,,
P82,,,,,,,,,,,,,,,,,,,,,,,,,,,,,,
P83,,,,,,,,,,,,,,,,,,,,,,,,,,,,,,
P84,,,,,OFF,,,,OFF,,,,,,OFF,OFF,,,,,,,,,,,,,,OFF
P85,,,,,,,,,,,,,,,,,,,,,,,,,,,,,,
P86,,,,,,,,,,,,,,,,,,,,,,,,,,,,,,
P87,,,,,,,,,,,,,,,,,,,,,,,,,,,,,,
