P1,OFF,OFF,,OFF,,,,K,OFF,,,,,OFF,OFF,OFF,,,,,,OFF,OFF,,,,,,OFF,OFF
P2,,,,,A,A,OFF,OFF,OFF,,,,,,,,A,,,,,OFF,OFF,,,,A,A,,
P3,,,,,,,,,,,,OFF,OFF,OFF,,,,,,,,K,,,,,,OFF,,
P4,,,,,,,,,,,,,,,,,,,,,,,,,,,,,,
P5,,,,,OFF,OFF,OFF,OFF,,,OFF,OFF,,,,,,OFF,OFF,OFF,OFF,,,,,,,,,
P6,,,,OFF,,,,,,,OFF,OFF,,,,,,,,,,,OFF,OFF,,,,,,
P7,OFF,OFF,,,,,,OFF,,,,,,,,,,,,,,,OFF,OFF,,,,,OFF,
P8,,,,,,,,,,,,,,,OFF,OFF,OFF,OFF,,,,,,,,,,,,
P9,,,,,,,,,,,,,,,,OFF,OFF,,,,,OFF,OFF,,,,,,,
P10,,,,,,,,,,,,,,,OFF,OFF,,,,,,OFF,OFF,,,,,,,
P11,,,,,D,,,,,,,,,,OFF,,,OFF,OFF,OFF,,OFF,,,,,,,,
P12,,,,,,,,,,,,,,,,,,,,,,,,,,,OFF,OFF,OFF,OFF
P13,OFF,OFF,OFF,,OFF,,,,,,,,,,,,,,OFF,,,,,,OFF,,,OFF,,
P14,,,,,,,,,,,,,,OFF,OFF,OFF,OFF,,,,,OFF,,,,,,,,
P15,,,,,,,,,,,,,,,,,,,,,,,,OFF,OFF,OFF,OFF,,,
P16,,,,,,,,,OFF,,,,,,,,,,,,,,,,,,,OFF,OFF,OFF
P17,,,,,,OFF,OFF,OFF,,,,,,,,,,,,,,,,,,,,,,
P18,,,,,,,,,,,,,,,,,,,,,OFF,OFF,,OFF,OFF,,,,,
P19,,,,,,,,,,,,,,,,,,OFF,OFF,,,OFF,OFF,,,,,,,
P20,,,OFF,,,,,,,,,,,,,,,OFF,OFF,,,OFF,OFF,,,OFF,,,,
P21,OFF,OFF,,,,,,,,,,,,,,,,,,,,,,OFF,,,,,,
P22,,,,,,,,,OFF,,,,,,,,,,,OFF,OFF,OFF,OFF,OFF,OFF,OFF,,,OFF,OFF
P23,,,,,,,,,,,,,,,,,,,,,,OFF,OFF,OFF,OFF,OFF,OFF,OFF,,
P24,,,,,,,,,,,,,,,,,,,,,,,,,,OFF,OFF,OFF,,
P25,,,OFF,OFF,OFF,OFF,OFF,,,,,,,,,,,,,,,,OFF,OFF,,,,,,
P26,,,,,,OFF,OFF,,,,,,,,,,,,,,,,,,,,,,OFF,
P27,,,,,,,,,,,,,,OFF,OFF,OFF,,,,,,,,,,,,OFF,OFF,
P28,,,,,,,,,,,,,,,OFF,OFF,OFF,OFF,OFF,OFF,OFF,,,,,,,,,
P29,,,,,,,,,,OFF,OFF,OFF,,,,,,,,,,,,,,,,,,
P30,N,,,,,,,,,,,OFF,OFF,OFF,OFF,OFF,OFF,OFF,,,,,,,,,,,,
P31,,,,,,,,,,,,,,,,,,,,,,,,,,,OFF,OFF,OFF,OFF
P32,,OFF,OFF,OFF,OFF,OFF,OFF,OFF,OFF,OFF,OFF,OFF,OFF,OFF,OFF,OFF,OFF,OFF,OFF,OFF,OFF,OFF,OFF,,,,,,,
P33,,,,,,,,OFF,OFF,OFF,,,,OFF,OFF,,,,,,,,,,,,,,,
P34,,,,,,OFF,OFF,,,,,,,,,,,,,,,,,,OFF,OFF,,,,
P35,,OFF,OFF,,,,,,,,,,,,,,,,,,,,,,,,,,,
P36,,,,,,,,,OFF,OFF,,,,,,OFF,,,,,OFF,,,,,,OFF,OFF,,
P37,,,,,,,,,,OFF,OFF,OFF,OFF,,,,,,,,,,,,,OFF,OFF,,,
P38,,,,,,,OFF,OFF,OFF,OFF,OFF,OFF,OFF,,,,,,,,,,,,,,,,,
P39,,,,,,,,,,,OFF,,OFF,,,,,,,OFF,OFF,,,OFF,OFF,OFF,,,,
P40,,,,,,,,,OFF,,,,,,,,,,,,,,,,,OFF,OFF,,,
P41,,,,,,,,,,,,,,,,,,OFF,OFF,OFF,OFF,,,,,,,,,
P42,,,,,,,OFF,OFF,OFF,,,,,,K,,,,,,,OFF,OFF,,OFF,,,,,
P43,,,,,,,,,,,,,,,,,,,,,,,,,,,,,,
P44,,,,OFF,OFF,OFF,OFF,OFF,,,,,,,,,,,,,,,,,OFF,OFF,,,,
P45,,,,,,,,,,,,OFF,,,OFF,OFF,,,,,,,,,,OFF,,,,
P46,OFF,OFF,,OFF,OFF,,,,,,,,,,,,,,,,,,,,,,,,,
P47,,,,,,,,,,,,,,,,,,,,,,,,,,,,,,
P48,,,,,,,,,,,,,,,,,,,,,,,,,,,,,,
P49,,,,,,,,,,,,,OFF,OFF,OFF,,,,,,,,,,,,,,,
P50,,,,,,OFF,OFF,,,,,,,,,,,,,,,,,,,,,,,
P51,,,,,,,,OFF,OFF,OFF,OFF,,,,,,,,,,,,OFF,OFF,,OFF,OFF,,,
P52,,,,,,,,,,OFF,,,,OFF,OFF,OFF,,,,,,,,,,,,,,
P53,OFF,OFF,OFF,,,,,,,,,,,,,,,,,,,,,,,,,,,
P54,,,,,,,,,OFF,OFF,OFF,OFF,,,,,,,,,,,,,,,,,,OFF
P55,,,,,,,,,,,,,,,,,,,,,,,,,,,,,,
P56,,,,,,,,,OFF,OFF,,OFF,,,,,,,,,,,,,,,,,,
P57,,,,,,,,OFF,OFF,OFF,OFF,,,,,,,,,,,,OFF,,,,,,OFF,OFF
P58,,,,,OFF,OFF,OFF,OFF,OFF,OFF,OFF,OFF,,,,,,,,,,,OFF,,OFF,OFF,,,,
P59,,,,,,,,OFF,OFF,,,,,,,,,,,,,,,,,,,,,
P60,,,,,,,,,,,,,,,,,,,,,,,,,,,,,,
P61,,,,,,,,OFF,OFF,,OFF,OFF,,,,,,,OFF,,,,,,,,OFF,OFF,,
P62,,,,,,,,OFF,K,OFF,OFF,,,,,OFF,OFF,,,,,,,,,,,,,
P63,,,,,,,,,,,,,,,,,,,,,,OFF,K,OFF,,,,,,
P64,,,,,,,,,,,,,,,,OFF,OFF,OFF,OFF,,,,,,,,,,,
P65,,,,,,,,,,,,,,,,,,,,,,,,,,OFF,OFF,OFF,OFF,OFF
P66,,,,,,,,,,,,,,,,OFF,OFF,,,,,,,OFF,OFF,OFF,,,,
P67,,N,,,,,,N,,,,,,,N,,,,,,,,,,,,,,,
P68,,OFF,,,,,,,,,,,,,,,,,,,,OFF,,,,,,,,
P69,,OFF,,OFF,,,,,,,,,,,,,,OFF,OFF,,,OFF,,,,,,,,
P70,,,,,,,,,,,,,,,OFF,,,,,,,,,,,,,,,
P71,,,,,,,,OFF,,OFF,,,,,,,,,,,,,,,,,,,,
P72,,,,OFF,OFF,,,,OFF,OFF,OFF,OFF,OFF,OFF,OFF,,,,,,,N,,,,,,,,
P73,,,,,,,,,,,,,,,,,,,,,OFF,OFF,OFF,,,,,,,
P74,OFF,OFF,OFF,,,,,,,,,,OFF,,,,,,,,,,,,,,,,,
P75,,,,,,,OFF,OFF,OFF,,,,,,,,,,,,,,,,,,,,,
P76,,,,,,,,,OFF,,,,,,,,,,,,,,,,,,,OFF,OFF,
P77,,,,,,,OFF,OFF,OFF,,,,,,,,,,,,,,,,,,,,,
P78,,,,,,,,,,,,,,OFF,OFF,OFF,,,,,,,,,,,,,,
P79,,,,,,,,,,,,,,,,OFF,OFF,OFF,OFF,OFF,,,,,,,,,,
P80,,,,,,,,,,,,,,,,,,,,,,,,,,,,,,
P81,,,,,,,,OFF,,,,,,OFF,OFF,OFF,OFF,OFF,,,,OFF,,,,,,,,
P82,,,,,,,,,,,,,,,,,,,,,,,,,,,,,,
P83,,,,,,,,,OFF,OFF,OFF,OFF,OFF,OFF,OFF,,,,,,,,,,,,,,,
P84,OFF,,,,,,,,,,,,,,,,,,,,,,,,,,,,,
P85,,,,N,OFF,OFF,OFF,OFF,OFF,OFF,OFF,,,,,,,,,,,OFF,K,,,,,,,
P86,,,,,,,,,,,,,,,,,,,,,,,,,,,,,,
P87,,,,,,,,,,,,,,OFF,OFF,OFF,,,,,,,,,,,,,,
